{
    "synonly_mse_nomask": {},
    "baseline": {
        "copd1": {
            "mean_tre": 9.15,
            "std_tre": 5.07,
            "time": 131.99574851989746
        },
        "copd2": {
            "mean_tre": 14.76,
            "std_tre": 6.13,
            "time": 108.16086220741272
        },
        "copd3": {
            "mean_tre": 6.17,
            "std_tre": 3.28,
            "time": 170.30842185020447
        },
        "copd4": {
            "mean_tre": 11.02,
            "std_tre": 3.89,
            "time": 176.95721864700317
        }
    },
    "preprocessing_05_95": {
        "copd1": {
            "mean_tre": 8.95,
            "std_tre": 5.06,
            "time": 131.4254081249237
        },
        "copd2": {
            "mean_tre": 14.8,
            "std_tre": 6.18,
            "time": 109.21235060691833
        },
        "copd3": {
            "mean_tre": 5.96,
            "std_tre": 3.29,
            "time": 169.6865062713623
        },
        "copd4": {
            "mean_tre": 11.09,
            "std_tre": 4.01,
            "time": 177.46313786506653
        }
    },
    "preprocessing_15_85": {
        "copd1": {
            "mean_tre": 8.91,
            "std_tre": 5.04,
            "time": 132.5869562625885
        },
        "copd2": {
            "mean_tre": 14.79,
            "std_tre": 6.29,
            "time": 106.34393835067749
        },
        "copd3": {
            "mean_tre": 5.87,
            "std_tre": 3.29,
            "time": 174.20588397979736
        },
        "copd4": {
            "mean_tre": 11.1,
            "std_tre": 4.08,
            "time": 181.82998538017273
        }
    },
    "SyNOnly_mse_32": {
        "copd1": {
            "mean_tre": 8.91,
            "std_tre": 5.04,
            "time": 135.0455174446106
        },
        "copd2": {
            "mean_tre": 14.79,
            "std_tre": 6.29,
            "time": 107.22312712669373
        },
        "copd3": {
            "mean_tre": 5.87,
            "std_tre": 3.29,
            "time": 174.0649652481079
        },
        "copd4": {
            "mean_tre": 11.1,
            "std_tre": 4.08,
            "time": 183.65703868865967
        }
    },
    "SyNOnly_demons_32": {
        "copd1": {
            "mean_tre": 18.88,
            "std_tre": 9.13,
            "time": 167.0764970779419
        },
        "copd2": {
            "mean_tre": 21.01,
            "std_tre": 9.64,
            "time": 146.61071753501892
        },
        "copd3": {
            "mean_tre": 18.02,
            "std_tre": 9.91,
            "time": 180.25059723854065
        },
        "copd4": {
            "mean_tre": 18.03,
            "std_tre": 6.95,
            "time": 179.98518252372742
        }
    },
    "SyNOnly_gc_32": {
        "copd1": {
            "mean_tre": 24.35,
            "std_tre": 9.24,
            "time": 194.50279784202576
        },
        "copd2": {
            "mean_tre": 21.52,
            "std_tre": 6.06,
            "time": 153.23273062705994
        },
        "copd3": {
            "mean_tre": 10.35,
            "std_tre": 4.27,
            "time": 201.27209401130676
        },
        "copd4": {
            "mean_tre": 25.66,
            "std_tre": 7.59,
            "time": 203.4854598045349
        }
    },
    "SyNOnly_mi_32": {
        "copd1": {
            "mean_tre": 8.07,
            "std_tre": 5.59,
            "time": 141.85789227485657
        },
        "copd2": {
            "mean_tre": 13.34,
            "std_tre": 6.24,
            "time": 108.53491687774658
        },
        "copd3": {
            "mean_tre": 5.43,
            "std_tre": 3.66,
            "time": 122.8321144580841
        },
        "copd4": {
            "mean_tre": 16.45,
            "std_tre": 5.86,
            "time": 147.9155559539795
        }
    },
    "SyN_mse_32": {
        "copd1": {
            "mean_tre": 9.45,
            "std_tre": 4.54,
            "time": 167.57933688163757
        },
        "copd2": {
            "mean_tre": 15.17,
            "std_tre": 5.98,
            "time": 147.57146430015564
        },
        "copd3": {
            "mean_tre": 5.23,
            "std_tre": 2.87,
            "time": 173.75433444976807
        },
        "copd4": {
            "mean_tre": 12.11,
            "std_tre": 3.86,
            "time": 190.65411138534546
        }
    },
    "SyN_mi_32": {
        "copd1": {
            "mean_tre": 7.81,
            "std_tre": 4.83,
            "time": 182.3144268989563
        },
        "copd2": {
            "mean_tre": 13.59,
            "std_tre": 6.15,
            "time": 147.57477807998657
        },
        "copd3": {
            "mean_tre": 5.23,
            "std_tre": 3.42,
            "time": 178.2429256439209
        },
        "copd4": {
            "mean_tre": 12.86,
            "std_tre": 4.24,
            "time": 204.05964827537537
        }
    },
    "Elastic_mse_32": {
        "copd1": {
            "mean_tre": 11.47,
            "std_tre": 5.27,
            "time": 264.508873462677
        },
        "copd2": {
            "mean_tre": 19.75,
            "std_tre": 6.16,
            "time": 214.45685172080994
        },
        "copd3": {
            "mean_tre": 9.9,
            "std_tre": 3.62,
            "time": 331.3605623245239
        },
        "copd4": {
            "mean_tre": 10.9,
            "std_tre": 3.91,
            "time": 305.6334171295166
        }
    },
    "Elastic_mi_32": {
        "copd1": {
            "mean_tre": 11.16,
            "std_tre": 5.17,
            "time": 144.84232258796692
        },
        "copd2": {
            "mean_tre": 19.27,
            "std_tre": 6.05,
            "time": 220.35740518569946
        },
        "copd3": {
            "mean_tre": 9.88,
            "std_tre": 3.59,
            "time": 224.61919260025024
        },
        "copd4": {
            "mean_tre": 10.89,
            "std_tre": 3.84,
            "time": 177.7817018032074
        }
    },
    "ElasticSyN_mi_32": {
        "copd1": {
            "mean_tre": 7.99,
            "std_tre": 4.83,
            "time": 172.67436480522156
        },
        "copd2": {
            "mean_tre": 13.94,
            "std_tre": 6.3,
            "time": 131.53199887275696
        },
        "copd3": {
            "mean_tre": 5.58,
            "std_tre": 3.57,
            "time": 173.72167325019836
        },
        "copd4": {
            "mean_tre": 13.44,
            "std_tre": 4.43,
            "time": 193.36764764785767
        }
    },
    "ElasticSyN_mse_32": {
        "copd1": {
            "mean_tre": 9.14,
            "std_tre": 4.61,
            "time": 170.43841528892517
        },
        "copd2": {
            "mean_tre": 15.08,
            "std_tre": 6.03,
            "time": 140.1659722328186
        },
        "copd3": {
            "mean_tre": 5.87,
            "std_tre": 3.0,
            "time": 207.83580589294434
        },
        "copd4": {
            "mean_tre": 11.98,
            "std_tre": 3.87,
            "time": 196.91670894622803
        }
    },
    "SyN_mi_16": {
        "copd1": {
            "mean_tre": 7.78,
            "std_tre": 4.55,
            "time": 197.1348807811737
        },
        "copd2": {
            "mean_tre": 13.56,
            "std_tre": 6.35,
            "time": 138.78453493118286
        },
        "copd3": {
            "mean_tre": 4.78,
            "std_tre": 3.21,
            "time": 184.36603546142578
        },
        "copd4": {
            "mean_tre": 11.21,
            "std_tre": 4.33,
            "time": 214.54606866836548
        }
    },
    "SyN_mi_8": {
        "copd1": {
            "mean_tre": 8.65,
            "std_tre": 4.63,
            "time": 122.51822662353516
        },
        "copd2": {
            "mean_tre": 14.17,
            "std_tre": 6.15,
            "time": 140.4054732322693
        },
        "copd3": {
            "mean_tre": 4.93,
            "std_tre": 3.09,