{
    "P0007-Coarse-None-None": {
        "copd1": {
            "mean_tre": 8.8,
            "std_tre": 4.81,
            "time": 42.55544114112854
        },
        "copd2": {
            "mean_tre": 13.15,
            "std_tre": 6.29,
            "time": 38.79658102989197
        },
        "copd3": {
            "mean_tre": 4.91,
            "std_tre": 2.97,
            "time": 43.044861793518066
        },
        "copd4": {
            "mean_tre": 9.86,
            "std_tre": 4.04,
            "time": 42.692156076431274
        }
    },
    "P0007-Coarse+Fine-None-None": {
        "copd1": {
            "mean_tre": 8.79,
            "std_tre": 4.82,
            "time": 93.95209240913391
        },
        "copd2": {
            "mean_tre": 13.15,
            "std_tre": 6.28,
            "time": 83.7642195224762
        },
        "copd3": {
            "mean_tre": 4.89,
            "std_tre": 2.98,
            "time": 94.67966842651367
        },
        "copd4": {
            "mean_tre": 9.84,
            "std_tre": 4.06,
            "time": 95.80124354362488
        }
    },
    "P0007-Coarse+Fine+RP-None-None": {
        "copd1": {
            "mean_tre": 7.49,
            "std_tre": 5.16,
            "time": 191.91644644737244
        },
        "copd2": {
            "mean_tre": 14.15,
            "std_tre": 7.2,
            "time": 179.95806097984314
        },
        "copd3": {
            "mean_tre": 4.84,
            "std_tre": 3.0,
            "time": 196.74470829963684
        },
        "copd4": {
            "mean_tre": 8.61,
            "std_tre": 3.72,
            "time": 200.98015356063843
        }
    },
    "P0007-Coarse+Fine-Body-None": {
        "copd1": {
            "mean_tre": 7.57,
            "std_tre": 5.42,
            "time": 92.32727146148682
        },
        "copd2": {
            "mean_tre": 11.86,
            "std_tre": 6.22,
            "time": 83.68598675727844
        },
        "copd3": {
            "mean_tre": 4.53,
            "std_tre": 2.83,
            "time": 92.79583191871643
        },
        "copd4": {
            "mean_tre": 7.48,
            "std_tre": 3.78,
            "time": 98.03088402748108
        }
    },
    "P0007-Coarse+Fine-Lungs-None": {
        "copd1": {
            "mean_tre": 4.12,
            "std_tre": 3.45,
            "time": 97.51713514328003
        },
        "copd2": {
            "mean_tre": 6.61,
            "std_tre": 6.27,
            "time": 85.64096641540527
        },
        "copd3": {
            "mean_tre": 1.79,
            "std_tre": 1.42,
            "time": 100.50239849090576
        },
        "copd4": {
            "mean_tre": 4.73,
            "std_tre": 3.15,
            "time": 96.58018326759338
        }
    },
    "Anwai-bsplines-None-None": {
        "copd1": {
            "mean_tre": 5.49,
            "std_tre": 5.14,
            "time": 235.14630103111267
        },
        "copd2": {
            "mean_tre": 9.7,
            "std_tre": 6.48,
            "time": 222.59870600700378
        },
        "copd3": {
            "mean_tre": 3.36,
            "std_tre": 3.32,
            "time": 255.52287197113037
        },
        "copd4": {
            "mean_tre": 7.17,
            "std_tre": 4.97,
            "time": 255.37621665000916
        }
    },
    "Anwai-bsplines-Body-None": {
        "copd1": {
            "mean_tre": 3.24,
            "std_tre": 3.59,
            "time": 249.49356985092163
        },
        "copd2": {
            "mean_tre": 7.89,
            "std_tre": 6.79,
            "time": 240.110178232193
        },
        "copd3": {
            "mean_tre": 2.76,
            "std_tre": 2.95,
            "time": 249.8968608379364
        },
        "copd4": {
            "mean_tre": 6.79,
            "std_tre": 6.41,
            "time": 252.19844365119934
        }
    },
    "Anwai-bsplines-Lungs-None": {
        "copd1": {
            "mean_tre": 1.11,
            "std_tre": 1.05,
            "time": 261.0150520801544
        },
        "copd2": {
            "mean_tre": 2.12,
            "std_tre": 2.62,
            "time": 263.05939412117004
        },
        "copd3": {
            "mean_tre": 1.11,
            "std_tre": 1.0,
            "time": 286.4083003997803
        },
        "copd4": {
            "mean_tre": 1.39,
            "std_tre": 1.11,
            "time": 268.5619909763336
        }
    },
    "P0008-affine-None-None": null,
    "P0008-affine-Body-None": {
        "copd1": {
            "mean_tre": 12.3,
            "std_tre": 4.89,
            "time": 17.722164392471313
        },
        "copd2": {
            "mean_tre": 16.88,
            "std_tre": 5.74,
            "time": 16.164642333984375
        },
        "copd3": {
            "mean_tre": 5.38,
            "std_tre": 3.28,
            "time": 18.514392137527466
        },
        "copd4": {
            "mean_tre": 9.41,
            "std_tre": 3.73,
            "time": 18.355087518692017
        }
    },
    "P0008-affine-Lungs-None": null,
    "P0008-affine+elastic-None-None": null,
    "P0008-affine+elastic-Body-None": {
        "copd1": {
            "mean_tre": 9.85,
            "std_tre": 5.11,
            "time": 57.560927629470825
        },
        "copd2": {
            "mean_tre": 13.01,
            "std_tre": 7.01,
            "time": 52.969611406326294
        },
        "copd3": {
            "mean_tre": 3.6,
            "std_tre": 2.92,
            "time": 60.70539045333862
        },
        "copd4": {
            "mean_tre": 6.99,
            "std_tre": 3.62,
            "time": 62.26317095756531
        }
    },
    "P0008-affine+elastic-Lungs-None": null,
    "P0003-affine-Lungs-None": {
        "copd1": {
            "mean_tre": 10.06,
            "std_tre": 5.64,
            "time": 36.6064019203186
        },
        "copd2": {
            "mean_tre": 10.81,
            "std_tre": 5.92,
            "time": 29.5354266166687
        },
        "copd3": {
            "mean_tre": 3.55,
            "std_tre": 1.73,
            "time": 36.62953972816467
        },
        "copd4": {
            "mean_tre": 7.48,
            "std_tre": 5.12,
            "time": 35.24222183227539
        }
    },
    "P0003-affine+R1-Lungs-None": {
        "copd1": {
            "mean_tre": 9.48,
            "std_tre": 6.01,
            "time": 68.87489223480225
        },
        "copd2": {
            "mean_tre": 9.54,
            "std_tre": 6.64,
            "time": 57.39499258995056
        },
        "copd3": {
            "mean_tre": 1.53,
            "std_tre": 1.51,
            "time": 70.20215058326721
        },
        "copd4": {
            "mean_tre": 6.22,
            "std_tre": 5.58,
            "time": 68.68253684043884
        }
    },
    "P0003-affine+R2-Lungs-None": {
        "copd1": {
            "mean_tre": 8.45,
            "std_tre": 6.54,
            "time": 80.07054615020752
        },
        "copd2": {
            "mean_tre": 8.31,
            "std_tre": 6.96,
            "time": 66.67275214195251
        },
        "copd3": {
            "mean_tre": 1.27,
            "std_tre": 1.09,
            "time": 81.01460456848145
        },
        "copd4": {
            "mean_tre": 5.2,
            "std_tre": 5.38,
            "time": 78.56640982627869
        }
    },
    "P0003-affine+R4-Lungs-None": {
        "copd1": {
            "mean_tre": 6.06,
            "std_tre": 6.84,
            "time": 101.25456953048706
        },
        "copd2": {
            "mean_tre": 7.3,
            "std_tre": 6.83,
            "time": 85.69929218292236
        },
        "copd3": {
            "mean_tre": 1.36,
            "std_tre": 1.25,
            "time": 104.0530219078064
        },
        "copd4": {
            "mean_tre": 4.69,
            "std_tre": 5.01,
            "time": 98.91586494445801
        }
    },
    "P0003-affine+R6-Lungs-None": {
        "copd1": {
            "mean_tre": 7.94,
            "std_tre": 6.99,